sequence,label
GMWSKLLGHLLR,1
ADTLACRQSHQSCSFVACRAPSVDIGTCRGGKLKCCKWAPSS,1
YPGPQAKEDSEGPSQGPASREK,0
GKWMSFLKHILK,1
GLWNSIKIAGKKLFVNVLDKIRSKVAGGS,0
GLFDVIKKVASVIGLASP,0
GFGCPFNQYECHAHCSGVPGYKGGYCKGLFKQTCNCY,1
AALRGALRAVARVGKAILPHVAIANPYVRTPYVHNNP,0
KWFKKIPKFLHLAKKF,1
KQLIRFLKRLDRNGGGKLLLKLLKKLLKLLKKK,1
GFLGPLLKLAAKGVAKVIPHLIPSRQQ,1
FLSGIVGMLGKLFGK,0
FALKALKKLKKALKKAL,1
FLPVVAGLAAKVLPSIICAVTKKC,1
KWWKKAAKAAKKAAKAAKKWA,1
ELCEKASQTWSGTCGKTKHCDDQCKSWEGAAHGACHVRDGKHMCFCYFNC,1
RFRPPIRRPPIRPPFRPPFRPPVRPPIRPPFRPPFRPPIGPFP,0
INWLKLGKKLLSAL,0
NEEEKVKWEPDVP,0
FIFHIIKGLFHAGKMIHGLVTRRRH,1
GIGCGESCVWIPCVSAAIGCSCSNKICYRN,0
GLFDVIKKVASVIKKL,1
DPVTYIRNGGICQYRCIGLRHKIGTCGSPFKCCK,1
HPTWPQKSVWHGSDPNGRRLTESY,1
GIMDTVKNAAKDLAGQLLDKLKCKITAC,0
GLLDTFKNLAINAAESAGVSVLNSLSCKLSKTC,0
KSCCPNTTGRNIYNTCRLTGSSRETCAKLSGCKIISASTCPSNYPK,1
GILGNIVGMGKKIVCGLSGLC,0
GIFSKISGKAIKNLFIKGAKNVGKEVGIDVVRTGMDVVGCKIKGEC,0
FVPYNPPRPGQSKPFPSFPGHGPFNPKIQWPYPLPNPGH,0
MTPFWRGVSLRPIGASCRDDSECITRLCKKRRCSLSVAQE,0
ENDHRMPYELNRPNNLSKGGAKCGAAIA,0
FLPLLLAGLPKLLCLFFKKC,1
EIRLPEPFRFPSPTVPKPIDIDPILPHPWSPRQTYPIIARRS,1
CGESCVFIPCISTLLGCSCKNKVCYRNGVIP,1
ATCDLLSGFGVGDSACAAHCIARRNRGGYCNAKTVCVC,0
IRNSLTCRFNFGICLPKRCPGRMRQIGTCF,0
GKLQAFLAKMKEIAAQTL,0
EPILGIITSLLKSL,0
VAIALKAAHYHTHKE,0
GLWNSIKIAGKKLFVNVLDKIRCKVAGGCKTSPDVE,0
GLFDIIKKIAESF,1
GLLNGLALRLGKRALKKIIKRLCR,0
AVVNGVNYVGETTAA,0
FALAAKALKKLAKKLKKLAKKAL,1
RKFHEKHHSHRGYR,0
VALALKALKKL,1
GIPCGESCVFIPCITAAIGCSCKSKVCYRN,1
FAKKLAKKLKKLAKKLAKLAKKL,1
RRWCFRVCYKGFCYRKCR,0
FLGALAKIISGIF,1
FLFPLITSFLSKVL,1
GAARKSIRLHRLYTWKATIYTR,1
NLCERASLTWTGNCGNTGHCDTQCRNWESAKHGACHKRGNWKCFCYFNC,0
GIGKFLKKAKKFAKAFVKMNN,1
DKLIGSCVWGAVNYTSNCNAECKRRGYKGGHCGSFLNVNCWCET,0
SLGVTLGAAGVYTATQTIATQIWKCGAVLTTSAECSRTGKSC,0
GLVSGLLNTAGGLLGDLLGSLGSLSG,0
SLLGTVKDLLIGAGKSAAQSVLKGLSGKLSKDC,0
GLFDVIKKVASVIKGL,1
FFPMLAGVAARVVPKVICLITKKC,1
APPGARPPPGPPPPGPPPPGP,1
GDPTFCGETCRVIPVCTYSAALGCTCDDRSDGLCKRN,0
GWLKKLGKRIERIGQHTRDATIQGLGIAQQAANVAATAR,0
GFKDWIKSAAKKLIKTVASNIANQ,0
ATCDALSFSSKWLTVNHSACAIHCLTKGYKGGRCVNTICNCRN,0
VNWKKIILGKIIKVVK,1
SVLGTVKDLLIGAGKSAAQSVLTTLSCKLSNSC,0
SMWSGMWRRKLKKLRNALKKKLKGE,0
QSINNPITCLTKGGVCWGPCTGGFRQIGTCGLPRVRCCKKK,0
NNEAQCEQAGGICSKDHCFHLHTRAFGHCQRGVPCCRTVYD,0
FDIVKKVVGTIAGL,1
RVKRFWPLVPVAINTVAAGINLYKAIRRK,0
MPCSCKKYCDPWEVIDGSCGLFNSKYICCREK,0
FAKKLAKKLKKLAKLALAK,1
RRARIVVIRVAR,0
FAKKLAKKLAKLL,1
KTCENLANTYRGPCFTTGSCDDHCKNKEHLRSGRCRDDFRCWCTRNC,0
YVPLPNVPQPGRRPFPTFPGQGPFNPKIKWPQGY,0
FTMKKSLLFIFFLGTISLSLC,0
FIGTALGIASAIPAIVKLFK,1
QGVRNRLSCHRNKGVCVPSRCPRHMRQIGTCRGPPVKCCRKK,0
KNWKKILGKIIKVVK,1
FLPLIGKILGTIL,1
GIGKFLKKAKKFGKAFVKILKK,1
ADDRNPLEECFRETDYEEFLEIARNGLKKT,0
FALALKALKKLLKKLKKLAKKAL,1
LNLKGIFKKVASLLT,0
ATRVVYCNRRSGSVVGGDDTVYYEG,1
GVIAAAKKVVNVLKNLF,0
RQIKIWFQNRRMKWKK,1
DDALRRLLRRLLRRL,1
KKLLKWLLKLL,0
CPAIQRCCQQLRNIQPPCRCCQ,0
HFLGKLVNLAKKIL,0
GMWSKILGHLIR,1
GLWNTKLEAGLLFAMGKLDLKRCLKAGGC,0
KLLKWLKKLLK,0
KKKSGVIPTVSHDCHMNSFQFVFTCCS,0
GFWGSLWEGVKSVV,0
IASKFICTPGCAKTGSFNSYCC,0
GIGAAILSAGKSIIKGLANGLAEHF,0
GLLSFLPKVIGVIGHLIHPPS,0
GLRSKIKEAAKTAGKMALGFVNDMA,0
KWKLFKKIPKFLHLAK,1
SDCNINSNTAADVILCFNQVGSCALCSPTLVGGPVP,0
RLKRMTPFWRGVSLRPVGASCRDNSECITMLCRKNRCFLRTASE,0
QCRRLCYKQRCVTYCRGR,0
GVFLDALKKFAKGGMNAVLNPK,0
GFLDIIKDTGKEFAVKILNNLKCKLAGGCPP,1
QLKKCWNNYVQGHCRKICRVNEVPEALCENGRYCCLNIKELEAC,0
FAKLLKLAAKKLL,1
ALWKTLLKNVGKAAGKAALNAVTDMVNQ,1
GIFDKLKNFAKGVAQSLLNKASCKLSGQC,0
RVCESQSHGFKGACTGDHNCALVCRNEGFSGGNCRGFRRRCFCTLKC,0
GLFSVLGAVAKHVLPHVVPVIAEKL,1
FAKKALKALKKL,1
TTPVCAVAATAAASSAACGWVGGGIFTGVTVVVSLKHC,0
GIPCGESCVFIPCISSVIGCSCSSKVCYRN,1
AGECVQGRCPSGMCCSQFGYCGRGPKYCGR,1
LTFEHYWAQLTS,1
KWKLFKKALKKLKKALKKAL,1
GKREKCLRRNGFCAFLKCPTLSVISGTCSRFQVCC,0
VAGPFRIPPLRREFQ,0
AKKVFKRLEKLFSKIQNDK,1
FLPIVTNLLSGLLGK,0
FFSLIPSLIGGLVFAIK,0
MAADIISTIGDLVKLIINTVKKFQK,0
FLPLLAGLAANFLPKIFCKITKKC,0
GATAIKQVKKLFKKWGW,0
RTCESQSHRFHGTCVRESNCASVCQTEGFIGGNCRAFRRRCFCTRNC,0
CRQSCSFGPLTFVCDGNTK,1
GSIPCGESCVFIPCISAVIGCSCSNKVCYKN,1
THRPPMWSPVWPGGGKLLLKLLKKLLKLLKKK,1
GLLDVVKGAAKNLLASALDKLKCKVTGC,0
FLSLIPKLVKKIIKAFK,1
CIKNGNGCQPDGSQGNCCSRYCHKEPGWVAGYCR,0
VLSIVACSSGCGSGKTAASCVETCGNRCFTNVGSLC,0
FAKFLAKFLKKAL,1
DFGCGQGMIFMCQRRCMRLYPGSTGFCRGFRCMCDTHIPLRPPFMVG,1
FAKKLAKKLKKLAKKLAKLALAL,1
VNWKKILKKIIKVVK,1
STIVCVSLRICNWSLRFCPSFKVRCPM,0
KLCGETCFKFKCYTPGCSCSYPFCK,1
KILRGVAKKILRTFLRRISKDILTGKK,1
VAKKLAKLAKKLAKLALAL,1
FKCARWQWRMKKLGA,0
INLLKIAKGIIKSL,0
FAKLLAKLAKKGL,1
GFGCPNNYACHQHCKSIRGYCGGYCAGWFRLRCTCYRCG,1
YHWYGYTPQNVIGGGKLLLKLLKKLLKLLKKK,1
FAKKLAKKLKKLAKKLAKLALALKALALKAL,1
FKLAFKLAKKAFL,1
KWKSFLKTFKSAKKTVAHTALKAISS,1
GSIPCGESCVFIPCISSVIGCACKSKVCYKN,1
FTLKKSLLVLFFLGTISLSLCQEERAADEEDNGEVEE,0
KWCFRVCYRGICYRKCR,0
KWKLFKKISKFLHLAKKF,1
ASIVKTTIKASKKLCRGFTLTCGCHFTGKK,1
KRKCPKTPFDNTPGAWFAHLILGC,0
ECRRLCYKQRCVTYCRGR,1
VTCDLLSFEAKGFAANHSICAAHCLVIGRKGGACQNGVCVCRN,0
GKWKKILGHLIR,1
IFGAILPLALGALKNLIK,0
GICRCLCRRGVCRCICVL,0
FFRHLFRGAKAIFRGARQGWRAHKVVSRYRNRDVPETDNNQEEP,1
GFGCPLDQMQCHRHCQTITGRSGGYCSGPLKLTCTCYR,1
GLLSGLKKVGKHVAKNVAVSLMDSLKCKISGDC,0
GLLSGILNTAGGLLGNLIGSLSNGES,0
VDKGSYLPRPTPPRPIYNRN,0
FFPNVASVPGQVLKKIFCAISKKC,0
EFKRCWKGQGACQTYCTRQETYMHLCPDASLCCLSYALKPPPVPKHEYE,0
KWCFRVCYRGICYRRCR,1
GFKDWIKGAAKKLIKTVASSIANQ,1
DFASCHTNGGICLPNRCPGHMIQIGICFRPRVKCCRSW,1
KWKLFKKIPKFLHLA,1
EPNPDEFFGLM,1
FLGGILNTITGLL,1
FWATLAKGALKLIPTIANAFSSKS,0
GVFTFEDESTSTVAPAKLYK,0
GFGMALKLLKKVL,1
FLPIVGRLISGLL,1
KSCCKNTTGRNIYNTCRFAGGSRERCAKLSGCKIISASTCPSDYPK,1
FAKLLAKLAKKLL,1
QETFSDLWKLLP,1
FLPIIAGIAAKVFPKIFCAISKKC,0
ALWKTIIKGAGKMIGSLAKNLLGSQAQPES,1
INWKGIAAMAKKLL,0
GFGCPLNQGACHNHCRSIGRRGGYCAGIIKQTCTCYRK,1
KWKLFKKIGIGKFLHSAKKF,1
SVMGTVKDLLIGAGKSAAQSVLKSLSCKLSNDC,0
FLFSLIPHAISGLISAFK,0
ILGPVIKTIGGVIGGLLKNL,0
ALKAALLAILKIVRVIKK,1
FLPAVLRVAAKVVPTVFCLISKKC,0
FAKLLAKLAKAKL,1
SLWENFKNAGKQFILNILDKIRCRVAGGCRT,0
VYINKLTPPCGTMYYACEAV,1
KWKSFLKTFKSLKKTVLHTLLKAISS,1
INTWNTTATSTSIIISETFGNKGKVCTYTVECVNNCRG,0
QDRPKKPGLCPPRPQKPCVKECKNDWSCPGQQKCCNYGCIDECRDPIFVN,0
AAVPIVNLKDELLFPSWEALFSGSE,1
ILFSYLLFYVLKENSKREDKYQNIIEELTELLPKIKEDVEDIKEKLNK,0
GSNKGFNFMVDMINALSN,0
FIGPIISALASLFG,1
KWKLFAKIGIGKFLHLAKKF,1
GLWQKIKDKASELVSGIVEGVK,0
GIFPKIIGKGIVNGIKSLAKGVGMKVFKAGLNNIGNTGCNNRDEC,0
FAKKLAKKLKKLAKKLAKKWKL,1
GADFQECMKEHSQKQHQHQG,1
MPKWKVFKKIEKVGRNIRNGIVKAGPAIAVLGEAKALG,1
RWKVFKKIEKMGRNIRDGIVKAGPAIEVLGSAKALGK,0
DCYCRIPACIAGERRYGTCIYQGRLWAFCC,1
FFPIIAGMAAKLIPSLFCKITKKC,1
KKSYPEYGSLDLRKECKMRRGHCKLQCSEKELRISFCIRPGTHCCM,0
LKWLKKLLKKL,0
GFGCPFNQGACHRHCRSIRRRGGYCAGLIKQTCTCYRN,0
GVVDILKGAAKDLAGHLASKVMNKI,0
KWKLFKKIPKFLHL,1
FVGAALKVLANVLPPVISWIKQ,0
FLPMLAGLAANFLPKIVCKITKKC,0
GLKKLLGKLLKKLGKLLLK,1
PAWRKAFRWAKRMLKKAA,1
VNWKKILAKIIKVVK,1
IGPDTKKCVQRKNACHYFECPWLYYSVGTCYKGKGKCCQKRY,0
RGGRLCYCRPRFCVCVGR,0
YENPYGCPTDEGKCFDRCNDSEFEGGYCGGSYRATCVCYRT,0
ELPKLPDDKVLIRSRSNCPKGKVWNGFDCKSPFAFS,1
PAWRKAFRAAWRMLKKAA,1
FLPVIAGLAAKVLPKLFCAITKKC,0
LRDLVCYCRKRGCKRRERMNGTCRKGHLMYTLCCR,0
FLPLLASLFSRLF,0
GIPCAESCVWIPPCTITALMGCSCKNNVCYNN,1
FTMKKSPLLLFFLGTISLSLC,0
GIPCGESCVYIPCLTSAIGCSCKSKVCYRN,0
FLPLVTMLLGKLF,1
KWKSFLKTFKSLKKTVLHTLLKLISS,1
GIFTFEDESTTTVAPAKLYK,0
GIGKFLKKAKKFAKAFVKIINN,1
GLGKAQCAALWLQCASGGTIGCGGGAVACQNYRQFCR,0
EQPGGDKVNLGYFTN,0
LLAGLAANFLPTIICKISYKC,1
GTTVVNSTFSIVLGNKGYICTVTVECMRNCSK,0
VFGTLGSTDDSLFGRYKQDIFNDHRGHLQGQAYGSR,0
FAKKLAKKLKKLAKKLIGAVLKV,1
FVDLKKIANIINSIF,1
ATCDLLSGTGVKHSACAAHCLLRGNRGGYCNGRAICVCRN,1
KWKLFKKIGPGKFLHSAKKF,1
AIHRALISKRMEGHCEAECLTFEVKIGGCRAELAPFCCKNRKKH,0
ALWKDILKNAGKAALNEINQLVNQ,1
GFKMALKLLKKVL,1
ALFSILRGLKKLGKMGQAFVNCEIYKKC,0
GMSGYIQGIPDFLKGYLHGISAANKHKKGRL,0
GLMSVLKGVLKTAGKHIFKNVGGSLLDQAKCKITGQC,0
LIGSLFRGAKAIFRGARQGWRSHKAVSRYRARYVRRPVIYYHRVYP,0
ASGWVCTLTIECGTVICAC,0
GWMSKIASGIGTFLSGVQQG,0
GWKSVFRKAKKVGKTVGGLALDHYLG,0
GLWSTIKQKGKEAAIAAAKAAGQAALGAL,0
PAWRKAFRKAWRMLKKAA,1
DLPECCSATELELDSGKQTS,0
GLRSKIWLWVLLMIWQESNKFKKM,0
QKIAEKFSGTRRG,0
QAGGQTCPGGICCSQWGYCGTTADYCSPNNNCQSNCWASG,1
SWLSKTYKKLENSAKKRISEGVAIAILGGLR,0
GCWSTVLGGLKKFAKGGLEAIVNPK,1
GLLDFAKHVIGIASKLG,0
AVNIPFKVKFRCKAAFC,0
VFIDILDKMENAIHKAAQAGIGLAKPIENMILPK,0
GDACGETCFTGICFTAGCSCNPWPTCTRN,1
KAYARIGNSYFK,1
FLPIAGKLLSGLSGLL,0
FIGLLISAGKAIHDLIRRRH,1
KAQIRAMECNIL,1
FAKKFAKKFKKFAKKFAKFAFAF,1
FLPLVGKILSGLI,1
WLGSALKIGAKLLPSVVGLFQKKKK,0
LKLKSIVSWAKKVL,1
FASLLGKALKALAKQ,1
FDIVKKIAGHIVSSI,1
AICKKPSKFFKGACGRDADCEKACDQENWPGGVCVPFLRCECQRSC,0
MPRWRLFRRIDRVGKQIKQGILRAGPAIALVGDARAVG,1
VNWKKVLGKIIKVAK,1
GLPVCGETCFTGTCYTNGCTCDPWPVCTRN,1
ILGKILKGIKKLF,0
KWKLFKKIPHLAKKF,1
GLFGVLGSIAKHVLPHVVPVIAEKL,1
FALLKALLKKAL,1
GIFSKLAGKKLKNLLISGLKSVGKEVGMDVVRTGIDIAGCKIKGEC,0
GLKDIFKAGLGSLVKNIAAHVAN,0
GIKCRFCCGCCTPGICGVCCRF,1
GASCGETCFTGICFTAGCSCNPWPTCTRN,1
GKWMSLLKHWLK,1
KQFRIRVRVIRK,0
FMPILSCSRFKRC,1
FALALKLAKKAL,1
TTHSGKYYGNGVYCTKNKCTVDWAKATTCIAGMSIGGFLGGAIPGKC,0
GEFLKCGESCVQGECYTPGCSCDWPICKKN,1
DHYNCVSSGGQCLYSACPIFTKIQGTCYRGKAKCCK,1
FLPAVLRVAAKIVPTVFCAISKKC,1
FFPLIAGLAANFLPQILCKIARKC,0
FAKLFAKLAKKFAL,1
GLFDIVKKVVGALGSL,1
GSSSGRGDSPA,1
SNDSLWYGVGQFMGKQANCITNHPVKHMIIPGYCLSKILG,0
LLRHVVKILEKYL,1
KWKFKKIPKFLHLAKKF,1
LRDLVCYCRKRGCKRREHINGTCRKGHLLYMLCCR,0
FMPIIGRLMSGSL,1
MLMACYSAGQLGCLVFCNEAEYSYGKCIGRGRCCCYDL,0
FLPAVIRVAANVLPTVFCAISKKC,0
TTKNYGNGVCNSVNWCQCGNVWASCNLATGCAAWLCKLA,0
GLFDVIKKVAAVIGGL,1
GLLDSLKGFAATAGKGVLQSLLSTASCKLAKTC,0
KILRGVAKKIMRTFLRRISKKILTGKK,1
ATCDLASKWNWNHTLCAAHCIARRYRGGYCNSKAVCVCR,0
VIDDLKKVAKKVRRELLCKKHHKKLN,0
ELCEKASKTWSGNCGNTGHCDNQCKSWEGAAHGACHVRNGKHMCFCYFNC,1
GFGMALRLLRRVL,1
FTMKKSLLLIFFLGTISLSLCEQER,0
FLPMLAGLAANFLPELFCKITKKC,0
DLRFLYPRGKLPVPTLPPFNPKPIYIDMGNRY,1
DWTAWSALVAAACSVELL,1
GLNTLKKVFQGLHEAIKLINNHVQ,0
LLGRCKVKSNRFNGPCLTDTHCSTVCRGEGYKGGDCHGLRRRCMCLC,0
FALALKALKKLAKKLKKLAKKAL,1
DHYNCVRSGGQCLYSACPIYTRIQGTCYHGKAKCCK,0
KSCCRSTLGRNCYNLCRVRGAQKLCANACRCKLTSGLKCPSSFPK,0
GIFSTVFKAGKGIVCGLTGLC,0
FLPLLAGLAANFLPKLFCKITRKC,0
PRFWEAWLRLME,1
KILRGVAKKIMRTFLRRILTGKK,1
FLPILGKLLSGIL,1
FALAKLAKKAKAKLKKALKAL,1
FAKKLAKKLKKLAKLALAL,1
LIGPVLGLVGSALGGLLKKI,0
FAKKLAKLAKKALAL,1
AAKPMGITCDLLSLWKVGHAACAAHCLVLGDVGGYCTKEGLCVCKE,1
FLPLLFGAISHLL,1
GLLPCAESCVYIPCLTTVIGCSCKSKVCYKN,1
GLFRRLRDSIRRGQQKILEKARRIGERIKDIFRG,0
FAKKLAKLAKKLAKAL,1
GMWKKILGKLIR,1
FLLFPLMCKIQGKC,1
FINLLDKVEDALHTGAQAGFKLIRPVERGATPKKSEKPEK,0
KNLRRIIRKIIHIIKKYG,0
GKWMTLLKHILK,1
RRLCRIVWVIRVCRR,0
KWKSFIKKLASKFLHSAKKF,0
LTVRAAQSFGRCNQKQCDADCVKKGYFGGLCTLTSCFCTGSRS,0
FLGGLMKAFPAIICAVTKKC,1
GLWNSIKIAGKKLFVNVLDKIRCKVAGGCKTSPDVEYHK,0
VAKALAKALLKALKAL,1
VAKLLAKLAKKVL,1
ATYYGNGLYCNKEKCWVDWNQAKGEIGKIIVNGWVNHGPWAPRR,1
GLLGGLLGPLLGGGGGGGGGLL,0
RILSILRHQNLLKELQDLALQGAK,0
NKGCAICSIGAACLVDGPIPDFEIAGATGLFGLWG,0
KKKFPWWWPFKKK,1
VYWKKILGKIIKVVK,1
GLMDMVKGAAKNLFASALDTLKCKITGC,0
FLPAVLLVATHVLPTVFCAITRKC,0
GLFKVIKKVAKVIKKL,1
GIINTLQKYYCRVRGGRCAVLTCLPKEEQIGKCSTRGRKCCRRKK,0
KAAKKAWKAWKKAAKAAWKKAA,1
FIITGLVRGLTKLF,1
GSPIQCAETCFIGKCYTEELGCTCTAFLCMKN,0
GVIPCGESCVFIPCISSVLGCSCKNKVCYRD,1
KWKLFKKGIGAVLKV,0
ALWKNMLKGIGKLAGQAALGAVKTLVGAE,1
EMHKKCYKNGICRLECYESEMLVAYCMFQLECCVKGNPAP,0
KWKLFKKLKVLTTGL,0
AAWKWAWAKKWAKAKKWAKAA,1
GVLDAFKKIATVVKNLV,0
KSCCRNTWARNCYNVCRLPGTISREICAKKCDCKIISGTTCPSDYPK,1
LFGLIPSMMGGLVSAFK,0
RAEAVPPGFTPFRKP,0
GRENYHGCTTHWGFTLC,1
FLPILASLAATLGPKLLCLITKKC,1
FAKKLAKLAKKLLAL,1
KIAKVALAKLGIGAVLKVLTTGL,1
GLMSSIGKALGGLIVDVLKPKTPAS,1
RRAAVVLIVIRR,0
ITSFSLCTPGCAKTGSFNSYCC,0
GFIFHIIKGLFHAGKMIHGLV,1
VGECVRGRCPSGMCCSQFGYCGKGPKYCGR,0
KINWGNVGGSCVGGAVIGGALGGLGGAGGGCITGAIGSIWDQW,0
DVKGMKKAIKGILDCVIEKGYDKLAAKLKKVIQQLWE,1
SIGSAFKKALPVAKKIGKAALPIAKAALP,0
FAKKLAKLAKKLAKLALAL,1
FAFAKIIAKIAKKII,1
ILPILGNLLNSLL,0
TPCGESCVYIPCISGVIGCSCTDKVCYLN,0
FTCAISCDIKVNGKPCKGSGEKKCSGGWSCKFNVCVKV,0
FLPLLAGLAANFLPTIICKISYKC,1
SIGTAVKKAVPIAKKVGKVAIPIAKAVLSVVGQLVG,0
RRICRCRIGRCLGLEVYFGVCFLHGRLARRCCR,0
NRWTNAYSAALGCAVPGVKYGKKLGGVWGAVIGGVGGAAVCGLAGYVRKG,0
FAKLLAKALKLKL,1
GFMDTAKQVAKNVAVTLIDKLRCKVTGGC,0
NLVSGLIEARKYLEQLHRKLKNCKV,0
GFFALIPKIISSPLFKTLLSAVGSALS,1
CGESCVFIPCITSVAGCSCKSKVCYRNGIP,1
GLVSSIGRALGGLLADVVKSKEQPA,0
FLKWLFKWAKK,1
GSRYLCTPGSCWKLVCFTTTVK,0
GWLRKAAKSVGKFYYKHKYYIKAAWKIGRHAL,0
GLFDIVKKVVGAIGSL,1
LLGNFFRKAREKIGKEFKRIVQRIKDFLQHLVPRTEA,0
GLFAVIKKVASVIGGL,1
GGTIFDCGESCFLGTCYTKGCSCGEWKLCYGTN,0
AGWGSIFKHIFKAGKFIHGAIQAHND,1
GKWLSLLKHILK,1
RDCESDSHKFHGACFSDTNCANVCQTEGFTAGKCVGVQRHCHCTKDC,0
NHFTLKCPKTALTEPPTLAY,1
KWKLAKKALALL,1
KWKSFLKTFKSAKKTVLHTALKAISS,1
MSKRDCNLMKACCAGQAVTYAIHSLLNRLGGDSSDPAGCNDIVRKYCK,0
GKWKSLLKHILK,1
RDCRSQSKTFVGLCVSDTNCASVCLTEHFPGGKCDGYRRCFCTKDC,0
KWKSFLKTFKSAKKTVAHTAAKAISS,1
GKWMSLWKHILK,1
AGCIKNGGRCNASAGPPYCCSSYCFQIAGQSYGVCKNR,1
TSRCYIGYRRKVVCS,0
GSIPCGESCVFIPCISAIIGCSCSSKVCYKN,1
CIAKGNGCQPSGVQGNCCSGHCHKEPGWVAGYCK,1
HHPHGHHPHGHHPHG,1
GLFSVLGSVAKHLLPHVVPVIAEKL,0
GIGAAILSAGKSALKGLAKGLAEHF,0
IIGVSEMERCHKKGGYCYFYCFSSHKKIGSCFPEWPRCCKNIK,0
KWKKLLKKPPPLLKKLLKKL,1
DKLIGSCVWGATNYTSDCNAECKRRGYKGGHCGSFWNVNCWCEE,1
MWKWFHNVLSSGQLLADKWWAWWYNWW,1
GGAGHVPEYFVGIGTPISFYG,0
VNWKKLLGKLLKVVK,1
GRFRRLRKKTRKRLKKIGKV,0
GLWKSLLKNVGKAAGKAALNAVTDMVNQS,0
FAKLLAKALKKFL,1
GFWGKLWEGVKNAI,0
RGDLLRHVVKILEKYL,1
VNWKKILGKIIKVVK,1
GNGVLKTISHECNMNTWQFLFTCC,0
FLSLIPHIVSGVASIAKHF,1
FLPPSPWKETFRTT,0
FVLPLVMCKILRKC,1
INWLKLGKMVIDAL,0
KRIVQRIKDFLRNLVPRTES,0
FCTMIPIPRCY,1
APRWKFGKRLEKLGRNVFRAAKKALPVIAGYKAL,0
RIKRFWPVVIRTVVAGY,0
TILLEIKNINAD,1
ALYKKFKKKLLKSLKRL,1
ALSILKGLEKLAKMGIALTNCKATKKC,1
NVWKKILGKIIKVVK,1
ATCDLLSKWNWNHTACAGHCIAKGFKGGYCNDKAVCVCRN,1
NFLDTLINLAKKFI,0
IDWLKLGKMVIDAL,0
ETWRTEAPSATGQASSLLGGRLLGQ,1
AKKVFKRLEKLFSKIFNFK,0
GLFLDTLKGAAKDVAGKLLEGLKCKIAGCKP,0
ALWKNMLSGIGKLAGQAALGAVKTLV,0
KRKKHRCRVYNNGMPTGMYRWC,0
FKARRWQWRMKKLGA,0
RQRDPQQQYEQCQKHCQRRETEPRHMQTCQQRCERRYEKEKRKQQKR,0
LGQSAASAHHAYIVLAIENSFMTASKKK,1
FGLPMLSILPKALCILLKRKC,1
ATCDLLSGFGVGDSACAAHCIARGNRGGYCNSKKVCVCPI,1
MRGIRGADFQAFQQARAVGLAGTFR,1
AALKGCWTKSIPPKPCFGKR,1
HSHRDFQPVLHLVALNSPLSGGMRG,1
ENFFKEIERAGQRIRDAIISAAPAVETLAQAQKIIKGGD,1
INWKKIFESVKNLV,0
GLPVCGETCVGGTCNTPGCACSWPVCTRN,1
KAAKKWAKAAKKWAKAWKKAA,1
GKIPVKAIKKAGAAIGKGLRAINIASTAHDVYSFFKPKHKKK,0
KDRPKKPGLCPPRPQKPCVKECKNDWSCPGQQKCCNYGCIDECRDPIFVN,0
WLGSALKIGAKLLPSVVGLFKKKKQ,0
GKWSKILGHLIR,1
GIIKKIIKKIIKKIIKKI,1
PRCPPCPRCSWCPRCPTCPRCNCNPK,0
PAARKAFRWAWRMLKKAA,1
KYYGNGVTCGKHSCSVNWGQAFSCSVSHLANFGHGKC,0
GIPCGESCVFIPCITGIAGCSCKSKVCYRN,0
RWGKWFKKATHVGKHVGKAALTAYL,1
FLSFPTTKTYFPHFDLSHGSAQVKGHGAK,1
FITLLLRKFICSITKKC,1
ILRWPWWPWRRK,1
DCLSGKYKGPCAVWDNEMCRRICKEEGHISGHCSPSLKCWCEGC,1
DQYRCLQNGGFCLRSSCPSHTKLQGTCKPDKPNCCRS,0
FPMKKSLLLIFFLGTINLSFCEEERNAEEEKRDGDDEMDVEVQKR,0
PAWRKAFRWAWRMKKLAA,1
CYTQYRKCQELTA,1
QGVRSYLSCWGNRGICLLNRCPGRMRQIGTCLAPRVKCCR,0
GGTIFDCGETCFLGTCYTPGCSCGNYGFCYGTN,0
CIWVSDGKKLWRH,1
GLFAVIKKVASVIKGL,1
EPHPDEFVGLM,1
LLPIVGNLLNSLL,0
TAGIKLTVPIEKFPVTTQTFWG,1
AFGMALKLLKKVL,1
GLPVCGETCFGGTCNTPGCSCTWPICTRD,1
FLGALFKALSHLL,1
GVFTLIKGATQLIGKTLGKELGKTGLELMACKITEQC,0
SALVGCWTKSWPPKPCFGRG,0
KWKLFKKKTKLFKKFAKKLAKKL,1
LPVNEAQCRQVGGYCGLRICNFPSRFLGLCTRNHPCCSRVWV,0
SFLSTFKELAINAAKNAGQSLLHTLSCKLDKTC,0
ALWKDVLKKIGTVALHAGKAALGAVADTISQ,0
RYHMQCGYRGTFCTPGKCPHGNAYLGLCRPKYSCCRWL,0
GIFGKILGVGKKVLCGLSGVC,0
ASSSYPLIHWRPWAR,1
GLMSTLKGAATNVAVTLLNKLQCKLTGTC,0
KAAKKAWKWAKKAAKWAKKAA,1
FLGGLWKAMSNLL,0
GLFDIVKKIAGHIVSSI,1
SHQDCYEALHKCMASHSKPFSCSMKFHMCLQQQ,0
RWKVFKKIEKVGRNIRDGVIKAAPAIEVLGQAKAL,0
KWFKKIPKFLHLLKKF,1
GIFTLIKGAAKLIGKTVAKEAGKTGLELMACKITNQC,0
LRDLVCYCRKRGCKGRERMNGTCRKGHLLYTMCCR,0
GGGVIQTISHECRMNSWQFLFTCCS,0
GLPVCGETCFGGTCNTPGCTCDPWPVCTRN,1
INWLKLGKAIIDAL,0
GFGCPFNQGACHRHCRSIRRRGGYCAGLFKQTCTCYR,1
YPASYDDDFDALDDLDDLDLDDLLDLEPADLVLLDMWANMLDSQDFEDFE,0
VFIDILDKMENAIHKAAQAGIGIAKPIENMILPKLTK,0
GFFALIPKIISSPLFKTLLSAVGSALSSSGGQE,1
SLFSLIKAGAKFLGKNLLKQGAQYAACKVSKEC,0
GSIPCEGSCVFIPCISAIIGCSCSNKVCYKN,1
FIFHIIKGLFHAGKMI,1
SGISGPLSCGRNGGVCIPIRCPVPMRQIGTCFGRPVKCCRSW,0
FFGTALKIAANILPTAICKILKKC,1
FLPAIVGAAGKFLPKIFCAISKKC,0
FLPKTLRKFFCRIRGGRCAVLNCLGKEEQIGRCSNSGRKCCRKKK,1
GKWMSLLKKILK,1
SIYERCELARELINR,0
GAPICGESCFTGKCYTVQCSCSWPVCTRN,0
KIKWFKTMKSIAKFIAKEQMKKHLGGE,0
IIGLVSKGTCVLVKTVCKKVLKQG,0
LALKSGGWLRLFGLKDKKH,0
GLFDIVKKIAGHIA,1
ATCDLASGFGVGSSLCAAHCIARRYRGGYCNSKAVCVCRN,1
FDNPFGCPADEGKCFDHCNNKAYDIGYCGGSYRATCVCYRK,0
FLGALFKVASKVLPSVKCAITKKC,1
ATCDLLSGIGVQHSACALHCVFRGNRGGYCTGKGICVCRN,1
SLQYVMSAGPYTWYKDTRTGKTICKQTIDTASYTFGVMAEGWGKTFH,0
IAPIIVAGLGYLVKDAWDHSDQIISGFKKGWNGGRRK,0
ESEFDRQEYEECKRQCMQLETSGQMRRCVSQCDKRFEEDIDWSKYDNQD,1
FLFRVASKVFPALIGKFKKK,1
LSCKRGTCHFGRCPSHLIKGSCSGG,0
FLPIITNLLGKLL,1
GLWDSIKIAGKKLFVNVLDKIRCKVAGGC,0
FLANQECFSEYRHCRMKCKANEYAIRYCADWTICCRVKKREAKKKIMW,0
AANFGPSVFTPEVHETWQKFLNVVVAALGKQYH,1
VECYGPNRPQF,1
TTGGTCCTTCAAGAGCTG,1
KWKSFINKLTSKFLHSAKKF,0
PAWFKARRWAWRMLKKAA,1
ATNIPFKVHFRCKAAFC,0
KYKKALKKLAKLL,1
RAGLQFPVGRLLRRLLRRLLR,1
ARIQESTNDILKPITCNTNADCAKFCKGPIHNCVYHTCQCVPGNPHCC,0
FLSLIPTAINAVSALAKHF,0
FAKAIAKIAFGKGIGKVGKKLL,1
ALWMTLLKKVLKAAAKALNAVLVGANA,1
GFGCPNDYPCHRHCKSIPGRAGGYCGGAHRLRCTCYR,1
GETFDKLKEKLKTFYQKLVEKAEDLKGDLKAKLS,1
RLSRIVVIRVSR,0
FKVQNQHGQVVKIFHH,1
FWGHIWNAVKRVGANALHGAVTGALS,1
KPYCSCKWRCGIGEEEKGICHKFPIVTYVCCRRP,0
FAKLLAKLAKLKL,1
DSHEERRQGRHGHHEYGRKFHEKHHSHRGY,1
GKWMSLLKHIWK,1
VAKKLAKLAKKLAKLAL,1
GTIPCGESCVFIPCLTSALGCSCKSKVCYKN,0
GKWSKILGKLIR,1
LLGDFFRKAKEKIGKEFKRIVQR,0
KSCCPSTTARNIYNTCRLTGASRSVCASLSGCKIISGSTCDSGWNH,1
GFGSKPLDSFGLNFF,1
DAEFRHDSGYEVHHQKLVFFAEDVGSNKGAIIGLMVGGVVIA,1
GLPVCGETCVGGTCNTPGCGCSWPVCTRN,1
KAAKKWAKAWKKAAKAWKKAA,1
FKCRRWQWRMKK,1
GFGCPNNYQCHRHCKSIPGRCGGYCGGWHRLPCTCYRCG,1
GLFGVLAKVAAHVVPAIAEHF,1
GLWSNIKTAGKEAAKAALKAAGKAALGAVTDAV,0
FLPIVAGLAANFLPKIVCKITKKC,0
GIGDPVTCLKSGAICHPVFCPRRYKQIGTCGLPGTK,1
GIPCGESCVFIPCITGAIGCSCKSKVCYRN,1
KWKSFIKKSTSKFLHSAKKF,0
DQYKCLQHGGFCLRSSCPSNTKLQGTCKPDKPNCCKS,1
FAKLLAKLAKK,1
PPCPSCLSCPWCPRCLRCPMCKCNPK,0
GTGLPMSERRKIMLMMR,1
ATCDILSFQSQWVTPNHAGCALHCVIKGYKGGQCKITVCHCRR,0
RLGDILQKAREKIEGGLKKLVQKIKDFFGKFAPRTES,0
KWKLFKKAVLKVLTT,0
KWKLFKKIPKFLH,1
FAKKLAKLAKKLAKLAL,1
GLLDIVKKVVGAFGSL,1
SDYSRKRDPPQKYEEE,0
GLLGAMFKVASKVLPHVVPAITEHF,0
DLRFWNPREKLPLPTLPPFNPKPIYIDMGNRY,1
FLPLIAGLIGKLF,1
FAKLLAKLAKKEL,1
SIITMTREAKLPQLWKQIACRLYNTC,0
FAFGKGIGKIGKKGL,1
FLPLIGKVLSGIL,0
SASVLKTSIKVSKKYCKGVTLTCGCNITGGK,0
KWKLFKKIPLAKKF,1
GLLSGILGAGKNIVCGLSGLC,0
GLFSKFAGKGIKDLIFKGVKHIGKEVGMDVIRVGIDVAGCKIKGVC,0
FKLFKKIPKFLHLAKKF,1
FLGSIVGALASALPSLISKIRN,1
GFSSIFRGVAKFASKGLGKDLARLGVNLVACKISKQC,0
RFIYMKGFGKPRFGKR,0
GRKSDCFRKSGFCAFLKCPSLTLISGKCSRFYLCCKRIWG,0
YVSCLFRGARCRVYSGRSCCFGYYCRRDFPGSIFGTCSRRNF,0
ITSISLCTPGCKTGVLMGCNLKTATCNCSVHVSK,0
GTPGFQTPDARVISRFGFN,0
IGKEFKRIVQRIKDFLRNLVPRTES,1
GFKDLLKGAAKALVKTVLF,1
KVPIGAIKKGGKIIKKGLGVIGAAGTAHEVYSHVKNRQ,0
FLSAITSLLGKLL,1
FAKKLAKLALKLAKL,1
GMWSKILGKLIR,1
FVQWFSKFLGRIL,1
FLSTALKVAANVVPTLFCKITKKC,0
FKCRRWQWRAKKLGA,0
GLISGILGVGKMLVCGLSGLC,0
GRCVCRKQLLCSYRERRIGDCKIRGVRFPFCCPR,0
GIGALSAKGALKGLAKGLAEHFAN,0
LFGFLIKLIPSLFGALSNIGRNRNQ,0
RYCPRNPEACYNYCLRTGRPGGYCGGRSRITCFCFR,0
AIGSILGALAKGLPTLISWIKNR,1
GRFKRFRKKFKKLFKKLSPVIPLLHLG,1
LLGDFFRKSKEK,1
FLPVILPVIGKLLNGIL,0
FLPIIAGVAAKVLPKIFCAISKKC,1
MRKEFHNVLSSGQLLADKRPARDYNRK,1
DIGGSRQGCVA,0
GVWSTVLGGLKKFAKGGLEAIVNPK,0
KLKNFAKGVAQSLLNKASCKLSGQC,1
QYGRRCCNWGPGRRYCKRWC,0
DERCTIIIHPGSPCDPSDCVQYCYAEYNGVGKCIASKPGRSANCMCTYNC,0
FLGWLFKWAWK,1
KSTCKAESNTFPGLCITKPPCRKACLSEKFTDGKCSKILRRCICYKPC,0
FIHHIFRGIVHAGRSIGRFLTG,1
RLARRVVIRVAR,0
AQCGAQGGGATCPGGLCCSQWGWCGSTPKYCGAGCQSNCK,1
AKRHHGYKRKFH,1
ANCSCSTASDYCPILTFCTTGTACSYTPTGCGTGWVYCACNGNFY,0
SFPFFPPGICKRLKRC,0
GRRRSVQWCAVSQPEATKCFQWQRNMRKVRGPPVSCIKRDSPIQCIQA,0
SIFAFQDESPSAIAQAKLFK,0
SAIWFWMTPQSPK,0
QTCASRCPRPCNAGLCCSIYGYCGSGNAYCGAGNCRCQCRG,0
WKPFKKIEKAVRRVRDGVAKAGPAVAVVGQAT,0
ANFEIVNNCPYTVWAAASPGGGRRLDRGQT,0
HGPDSCNHDRGLCRVGNCNPGEYLAKYCFEPVILCCKPLSPTPTKT,0
FLSAIASMLGKFL,1
GWLKKIGKKIERVGQHTRDATIQTIAVAQQAANVAATAR,0
TFRAFLSSRLQDLYSIVRRADRAAV,1
VTCFCRRRGCASRERHIGYCRFGNTIYRLCCRR,0
VNWRRILGRIIRVVR,1
GLFKVLGSVAKHLLPHVAPVIAEK,1
GLFDVIKKVASVIGGL,1
GLFVGLAKVAAHNNPAIAEHFQA,1
AAKKWAKAKWAKAKKWAKAA,1
RSNKGFNFMVDMIQALSK,0
GVPVCGETCFGGTCNTPGCSCDPWPVCSRN,1
GWLKKIGKKIERVGQHTRDATIQGLGVAQQAANVAATAR,0
CAGAGTGGGAGAGGCAAGAC,1
FLSLIPSLVGGSISAFK,1
GVIPCGESCVFIPCISAAIGCSCKNKVCYRN,0
DCTRWIIGINGRICRD,0
MWKEFHNVLSSGQLLADKRWARWYNRW,1
RRWKIVVIRWRR,0
FKRIVQRIKDFLRNLV,1
LFCKGGSCHFGGCPSHLIKVGSCFGFRSCCKWPWNA,0
GLWQKIKNAAGDLASGIVEGIKS,0
ATRSYGNGVYCNNSKCWVNWGEAKENIAGIVISGWASGLAGMGH,1
GKIPVKAIKQAGKVIGKGLRAINIAGTTHDVVSFFRPKKKKH,0
IPCGESCVWIPCISGMFGCSCKDKVCYS,1
VALALKALKKALKKLKKALKKAL,1
MGALIKTGAKIIGSGAAGGLGTYIGHKILGK,0
GFGCPGNQLKCNNHCKSISCRAGYCDAATLWLRCTCTDCNGKK,1
GLISGILGVGKKLVCGLSGLC,0
LLGPVLGLVSNALGGLLKNI,0
TRSSRAGLQFPVGRVHRLLRK,1
SVSCLRNKGVCMPGKCAPKMKQIGTCGMPQVKCCKRK,0
GVLSNVIGYLKKLGTGALNAVLKQ,0
RVCRRRSAGFKGVCMSDHNCAQVCLQEGYGGGNCDGIMRQCKCIRQC,0
YPASMDNYDDALEELDNLDLDDYFDLEPADFVLLDMWANMLESSDFDDME,0
GAFGNFLKGVAKKAGLKILSIAQCKLFGTC,1
GFGKAFHSVSNFAKKHKTA,1
GFKDWIKGAAKKLIKTVAANIANQ,0
RQVFQVAYIIIKA,1
IFGAIAGLLKNIF,0
FLPAIVGAAAKFLPKIFCAISKKC,1
GNNRPVYIPQPRPPHPRI,0
ATCDLLSGTGINHSACAAHCLLRGNRGGYCNGKAVCVCRN,1
ALFSILRGLKKLGNMGQAFVNCKIYKKC,1
WKKIPKFLHLAKKF,1
ATCDLFSFRSKWVTPNHAGCAAHCIFLGNRGGRCVGTVCHCRK,0
KEKLKLKCKAPKCYNDKLACT,0
GIGGKILSGLKTALKGAAKELASTYLH,1
AWKKWAKAWKWAKAKWWAKAA,1
GLLSGILGAGKHIVCGLSGPCQSLNRKSSDVEYHLAKC,0
FLGALIKGAIHGGRFIHGMIQNHH,1
GLLDTIKNMALNAAKSAGVSVLNTLSCKLSKTC,0
CCTAAGCCCTTGTGGTGTGT,1
TILAEIKNINAD,1
ALWKTMLKKLGTVALHAGKAALGAAADTISQGA,0
ESVFSKIGNAVGPAAYWILKGLGNMSDVNQADRINRKKH,1
SYVGDCGSNGGSCVSSYCPYGNRLNYFCPLGRTCCRRSY,0
PRFWEYWLRLAE,1
KINWGSVGGSCVGGAVIGGALGGLGGAGGGCLTGAIGSIWDQW,0
PAWRKARRWARRMKKLAA,1
SVLGKSVAKHLPHVVPVIAEKT,0
GGYYCPFFQDKCHRHCRSFGRKAGYCGGFLKKTCICV,0
FLPIASLLGKYL,1
KVKVKVKVPPTKVKVKVK,1
KWKLFKKIGIGAVLKVLKKG,1
VAKKLAKLAKKLLAL,1
GIFTKINKKKAKTGVFNIIKTIGKEAGMDVIRAGIDTISCKIKGEC,0
TNYGNGVGVPDAIMAGIIKLIFIFNIRQGYNFGKKAT,0
KLLLKLKLKLLK,1
PAWAKAFRAAARMKLKAA,1
GILLDKLKNFAKTAGKGVLQSLLNTASCKLSGQC,0
GLPVCGETCFGGTCNTPGCTCSYPICTRN,0
RVCSAIPLPICH,0
GLLKPLLKIAAKVGSNLL,0
WLRRIGKGVKIIGGAALDHL,0
PAARKAARWAWRMLKKGA,1
RECQSQSHRYKGACVHDTNCASVCQTEGFSGGKCVGFRGRCFCTKHC,0
NCIQQCVSKGAQGGYCTNEKCTCY,0
FDIMGLIKKVAGAL,0
GLLSVLGSVAKHVLPHVVPVIAEHL,1
STPVLASVAVSMELLPTASVLYSDVAGCFKYSAKHHC,0
KLLRLLKKLLRLLLK,1
WKKIASIGKEVLKAL,0
FAVGLRAIKRALKKLRRGVRKVAKDL,1
QETCHDLIMKRDCDEATCVNMCQQKWKGSGGSCFQNFNVMSCICNFPCQV,0
GFGSLLGKALRLGANVL,1
KWKLFKKIPKFLHSAKKF,1
IDWKKIFEKVKNLV,0
NSGGAAVVAALGCAAGGVKYGRLLGPWGAAIG,0
ITSVSWCTPGCTSEGGGSGCSHCC,0
FVKLKKILNIINSIFKK,1
RGLRRLGRKIAHGVKKYGPTVLRIIRIAG,0
RVCYAIPLPICY,0
GILKKFMLHRGTKVYKMRTLSKRSH,0
ASVVKTTIKASKKLCKGATLTCGCNITGKK,0
ANKCIIDCMKVKTTCGDECKGAGFKTGGCALPPDIMKCCHNC,0
LRDLVCYCRARGCKGRERMNGTCSKGHLLYMLCC,0
PRFWEYALRLME,1
GLFDIIKKVASVVGLASP,0
GKIPVKAIKKGGQIIGKALRGINIASTAHDIISQFKPKKKKNH,0
GLLQTIKEKLESLESLAKGIVSGIQA,1
AYPGNGVHCGKYSCTVDKQTAIGNIGNNAA,1
GIMDSVKNVAKNIAGQLLDKLKCKITGC,0
GMASKAGAIAGKIAKVALKAL,0
KVHGSLARAGK,0
KWKSFLKTFKSAKKTVLHTLLKAISS,1
GFGSLFKFLAKKVAKTVAKQAAKQGAKYIANKQTE,1
IPCGESCVWIPCITAIAGCSCKNKVCYT,1
GSKKPVPIIYCNRRTGKCQR,0
GMWKKILGHLIR,1
RQRDPQQQYEQCQKHCQRRETEPRHMQTCQQRCERRYEKEKRKQQ,0
KWLKKLLKKLL,0
FLGALFHALSKLL,1
YGRKKRRQRRRREADFFWSLCTADMS,1
HSSGYTRPLPKPSRPIFIRPIGCDVCYGIPSSTARLCCFRYGDCCHR,0
FAKLLAKALKKFAL,1
NKWKKILGKIIKVVK,1
GRLKKLGKKIEGAGKRVFKAAEKALPVVAGVKALG,0
GVPICGETCVGGTCNTPGCSCSWPVCTRN,1
GLWSKIKETGKEAAKAAGKAALNKIAEAV,0
RPRCWIKIKFRCKSLKF,0
FAGLAANFLPTIICKISYKC,1
DKLIGSCVWGAVNYTSDCNGECLLRGYKGGHCGSFANVNCWCET,0
NIWKKIASIAKEVLKAL,0
FAKGVGKVGKKAL,1
FLGMIPGLIGGLISAFK,1
WFYQGMNIAIYANIGGVANIIGYTEAAVATLLGAVVAVAPVVP,0
INWKKIFEKVKDLV,0
GLFDIVKKVVGAFGSL,1
SMLSVLKNLGKVGLGLVACKINKQC,0
KSCCPNTTGRNIYNTCRLGGGSRERCASLSGCKIISASTCPSDYPK,1
GLLSGILGAGKHIVCGLSGLR,0
VLSHNNESSYSDTSSCTSQ,0
FLGGLMKAFPALICAVTKKC,0
GQVWEATATVNAIRGSVTPAVSQFNARTAD,1
FLPLLAGVVANFLPQIICKIARKC,0
MFFSSKKCKTVSKTFRGPCVRNA,0
GLVTSLIKGAGKLLGGLFGSVTGGQS,1
SVFAFQDESTSTIAQARLFI,0
GKWMSLLKHILK,1
GFWKKVGSAAWGGVKAAAKGAAVGGLNALAKHIQ,0
LRDLKCFCRRKSCNWGEGIMGICKKRYGSPILCCR,0
DLVCYCRARGCKGRERMNGTCRKGHLLYMLCCR,0
KLLKLLLKLYKKLLKLL,1
LFGMALKLLKKVL,1
CTGAAGGTGCTGTCCCAGAT,1
VAKALKALLKALKAL,1
FLPAIAGILSQLF,1
VLPIIGNLLNSLL,0
GLFDIIKKVASVVGGL,1
AVDLAKIANIANKVLSSLFGK,0
LKKLLKWLLKLLK,0
FLGLIFHGLVHAGKLIHGLIHRNRG,0
GFMDTAKNVAKNMAVTLLDNLKCKITKAC,0
GIFNVFKGALKTAGKHVAGSLLNQLKCKVSGEC,0
ILGAILPLVSGLLSNKL,0
VSGNVAARKGKQQTSSGKGGGTN,0
ILSAIWSGIKS,0
QRFIHPTYRPPPQPRRPVIMRA,0
FLSLIPHAINAVSALANHG,1
RKAFRWAWRMLKKAAPSITCVR,1
GICACRRRFCLNFEQFSGYCRVNGARYVRCCSRR,0
LLGDFKRIVQRIKDF,1
FAKLLALALKLKL,1
KLAKKLAKLAKLAKAL,1
CIKNGNGCQPNGSQGNCCSGYCHKQPGWVAGYCRRK,0
YAIDTILLEIKNINAD,1
FLSLIPHAINAVSAIAKHN,0
GIMDTVKNAAKDLAGQLDKLKCRITGC,0
EKKPPRPPQWAVGHFM,1
QAFKTFTPDWNKIRNDAKRMQDNLEQMKKRFNLNL,0
ITSISLCTPGCKTGALMGCNMKTATCNCSIHVSK,0
GFLDTLKNMALNAAKGAGGSVLKALFCKLFKTC,0
FLPFFASLLGKLL,0
SCNCVCGVCCSCSP,0
AHDGNPLEECFREDDEEFFLEIAKNGLTATSNPKRVVIV,0
GRKKRRQRRRGGWMWVTNLRTD,1
RLVSYNGIIFFLK,1
GIGGALLSAGKAALKGLAKGFAEHF,0
FFGAIAAALPHVISAIKNAL,1
GLFDIIKKIAESI,1
QYRHRCCAWGPGRKYCKRWC,0
KWKLFKKIGIGKFLHSATTF,1
DFKLFAVYIKYR,1
LTAEHYAAQATS,1
GAIKDALKGAAKTVAVELLKKAQCKLEKTC,1
FAKALAKLAKKLL,1
FFPIVGKRLYGLL,0
FLPIIGKLLSGLL,1
FALALKKALKALKKAL,1
SLWETIKNAGKGFIQNLDKIR,0
EALYNSEDLYEETSDSDD,0
FAKLLAKLAKKL,1
FLPLLASLFSRLL,1
FKRIVQRIKDFLR,1
FAKKLAKLAKKL,1
GFMKYIGPLIPHAVKAISDLI,1
GIVDFAKGVLGKIKNVLGI,0
ALLHHGLNCAKGVLA,0
GILSTIKDFAIKAGKGAAKGLLEMASCKLSGQC,0
FFGHLFRGIINVGKHIHGLLSG,0
GNGVIKTISHECHMNTWQFIFTCCS,0
SLFSLIKAGAKFLGKNLLKQGACYAACKASKQC,0
SRDLICYCRKGGCNRGEQVYGTCSGRLLYCCPRR,0
PRAWEYWLRLME,1
AVPDVAFNAYG,1
GIMRVFKGVLKTAGKSVAKNVAGSFLDRLKCKISGGC,0
WNPFKELEKVGQRVRDAVISAGPAVATVAQATALAK,0
GLFGKILGVGKKVLCGLSGMC,0
KRFKQDGGASHASPASS,1
VDKPDYRPRPRPPNM,0
GYGCPFNQYQCHSHCRGIRGYKGGYCTGRFKQTCKCY,0
GIPCGESCVWIPCISSAIGCSCKSKVCYRN,1
GIGKFLHSAKKFGKAFVGEIMNS,1
SGRGKTGGKARAKAKTRSSRAGLQFPVGRVHRLLR,0
KWKSFIKKLTSAAKKVVTTAKPLISS,0
GLVDVLGKVGGLIKKLLP,0
KWKLFKKIPKFLHLAKK,1
ARLKKCFNKVTGYCRKKCKVGERYEIGCLSGKLCCAN,1
GLFTLIKGAYKLDAPTVACN,0
EVWRLAEFLAMPP,1
GFGCPNNYQCHRHCKSIPGRCGGYCGGWHRLRCTCYRC,0
MPFLFCNVNDVCNFASRNDYSCNYYSNSYSFWLASLNPER,1
ILGKILEGIKSLF,0
EGPVGLADPDGPASAPLGAP,0
KTCENLADTFRGPCFATSNC,1
MDVVRTLILCVCLFGLTFA,0
GTQRCWNLYGKCRYRCSKKERVYVYCINNKMCCVKPKYQPKERWWPF,0
DFKDWMKTAGEWLKKKGPGILKAAMAAAT,1
DTTFCRCRVSCNILEKYSGKCELSGRTARICC,0
DLFQVIKEKLKELTGGVIEGIQGV,0
DTHFPICIFCCGCCHRSKCGMCCKT,1
ACYCRIPACIAGERRYGTCIYQGRLWAFCC,1
DPVTCLKNGAICHPVFCPRRYKQIGTCGLPGTKCCK,0
FLPLAVSLAANFLPKLFCKITKKC,1
ACDCRGDCFCGGGGIVRRADRAAVP,1
GIGSAILSAGKSALKGLAKGLAEHFAN,0
GVGSPYVSRLLGICL,1
IWNKIAKSIGKVLEKAL,0
FFPIGVFCKIFKTC,1
TCGTCCTGAGGAGAGAGAGC,1
ACQCPDAISGWTHTDYQCHGLENKMYRHVYAICMNGTQVYCRTEWGSSC,0
AISCGQVSSAIGPCLSYARGQGSAPSAGCC,0
GFKLKGMARISCLPNGQWSNFPPKCIRECAMVSS,1
KTKLFKKFAKKLAKKLKKLAKKL,1
RISFKKGKGSWIKNGLIKGIKGLGKEISLDVIRTGIDIAGCKIKGEC,0
KWLRRVWRWWR,1
TCCATGACGTTCCTGACGTT,1
LKCNKLVPLFYKTCPAGKNL,1
MTAQGNKPSSHDVITGRWTPSAADRAAGRVSGFGVITNIINGGLDC,0
ATKVKAKQRGKEKVSSGRPGQHN,0
GIFSLVKGAAKLAGKGLAKEGGKFGLELIACKIAKQC,0
SAVGRHGRRFGLRKHRKH,0
VALALKALKKLAKKLKKLAKKAL,1
GVPICGETCTLGTCYTAGCSCSWPVCTRN,1
GLFAVIKKVAAVIRRL,1
GLGSILGKILNVAGKVGKTIGKVADAVGNKE,0
CGESCAMISFCFTEVIGCSCKNKVCYLNSIS,1
GLFSVLGAVAKHVLPHVVPVIAEK,1
LLKLLKWLLKLLK,0
GLLGLLGSVVSHVLPAITQHL,1
VNWKKILGKIKKVVK,1
ITSHSLCTPGCAKTGSFNSFCC,0
FLGSLLGLVGKIVPTLICKISKKC,0
GWRTLLKKAEVKTVGKLALKHYL,1
SIITMTKEAKLPQLWKQIACRLYNTC,0
ALWKTMLKKLGTMALHAGKAALGAAADTISQGTQ,1
SISCGESCAMISFCFTEVIGCSCKNKVCYLN,0
RQRDPQQQYEQCQERCQRHETEPRHMQTCQQRCERRYEKEKRKQQKR,0
ALWKDILKNAGKAALNEINQIVQ,0
KAFDITYVRLKF,1
VGALAVVVWLWLWLW,0
RNKLAYNMGHYAGKATIFGLAAWALLA,0
GIIKKIIIKKIIIKKI,1
VAKLLAKLAKKLL,1
LRDLVCYCRSRGCKGRERMNGTCRKGHLLYTLCCR,0
LKKLAKLALAF,1
ILPFVAGVAAMEMEHVYCAASKKC,0
LFGFLIPLLPHIIGAIPQVIGAIR,0
GWLKKIGKKIERVGQHTRDATIQTIGVAQQAANVAATLK,1
QQCGRQAGNRRCANNLCCSQYGYCGRTNEYCCTSQGCQSQCRRCG,0
KKKKQSWYAAAGDAIVSFGEGFLNAW,0
AFTCHCRRSCYSTEYSYGTCTVMGINHRFCCL,1
FIGAILPAIAGLVGGLINR,0
ATAWDFGPHGLLPIRPIRIRPLCGKDKS,0
YAKLLAKLAKKAL,1
GFFKKAWRKVKHAGRRVLDTAKGVGRHYVNNWLNRYR,1
NWRKILGKIAKVAAGLLGSMLAGYQV,0
RFRLPFRRPPIRIHPPPFYPPFRRFL,1
RRWRIVVIRVRR,0
CFKFKFKFGSGFKFKFKFC,0
ADRGWIKTLTKDCPNVISSICAGTIITACKNCA,1
KRAKAAGGWSHWSPWSSC,1
KSCCPNTTGRNIYNTCRFAGGSRERCAKLSGCKIISASTCPSDYPK,1
FLPMLAGLAANFLPKLFCKITKKC,0
SSMKLSFRARAYGFRGPGPQL,0
RGDLLRHVVKILSKYL,1
KTHYPTNAWKSLWKGFWESLRYTDGF,0
FAKLWAKLAKKL,1
WNDTGKDADGAEY,0
GLKDKFKSMGEKLKQYIQTWKAKF,0
GLFAVIKKVAAVIKKL,1
DYDWSLRGPPKCATYGQKCRTWSPRNCCWNLRCKAFRCRPR,1
FLPLIAGLAANFLPKIFCAITKKC,1
GLFDIVKKVVGTIAGL,1
GLLDTFKNLALNAPKSAGVSVLNSLSCKLSKTC,0
RWKIFKKIEKMGRNIRDGIVKAGPAIEVLGSAKAIGK,1
ALWKTLLKGAGKVFGHVAKQFLGSQGQPES,0
ASSGWVCTLTIECGTVICACR,0
LGWGRRCPQCPRCPSCPSCPRCPRCPRCKCNPK,0
GLFSKFNKKKIKSGLIKIIKTAGKEAGLEALRTGIDVIGCKIKGEC,0
DHYNCVKGGGQCLYSACPIYTKVQGTCYGGKAKCCK,0
FAKLLAKLAKKVL,1
QSISCAESCVWIPCATSLIGCSCVNSRCIYSK,0
ATAVDFGPHGLLPIRPIRIRPLCGKDKS,1
KWKSFAKTFKSAKKTVLHTALKAISS,1
KGIGSALKKGGKIIKGGLGALGAIGTGQQVYEHVQNRQ,0
QKECIGPCDMFTDCQAACVGIRKGYNYGQCVAWKPKDDDPFTCCCYKLTP,0
SIPCGESCVFIPCTVTALLGCSCKSKVCYKN,0
LRVRLASHLRKLRKRLLRDADDLQKRLAVY,1
RKGWFKAMKSIAKFIAKEKLKEHL,1
ALWKNMLKGIGKLAGQAALGAVKTLVGA,1
RRRRRRRRGEDIIRNIARHLAQVGDSMDR,1
MWKWFHNVLSSWQLLADKRPARDYNRK,1
GCTQWINNIHGRICVRN,0
GKFSGFAKILKSIAKFFKGVGKVRKQFKEASDLDKNQ,0
RLARIVVIRWAR,0
FDITKLNIKKLTKATCKVISKGASMCKVLFDKKKQE,0
SRWPSPGRPRPFPGRPKPIFRPRPCNCYAPPCPCDRW,0
KWKLFKKILKFLHLAKKF,1
GIGKFLHAAKKFAKAFVAEIMNS,1
GILDSLKNLAKNAAQILLNKASCKLSGQC,0
TTPLCVGVIIGLTTSIKICK,0
GIFLDKLKNFAKGVAQSLLNKASCKLSGQC,0
QCVGTITLDQSDDLFDLNCNELQSVR,0
KNGYGGSGNRWVHCGAGIVGGALIGAIGGPWSAVAGGISGGFASCH,0
QEAQSVACTSYYCSKFCGSAGCSLYGCYLLHPGKICYCLHCSR,0
KWKLFKKIPKFLHLAKKF,1
FAKLLAKFLKKAL,1
FELDRICGYGTARCRKKCRSQEYRIGRCPNTYACCLRKWDESLLNRTKP,1
FLKLLAGLLKNFA,1
VQLRIRVRVIRK,0
HGVSGHGQHGVHG,1
KTKLTEEEKNRLNFLKKISQRYQKFALPQYLKTVYQHQK,0
ILPIIGKILSTIF,0
FALALKLAKKL,1
FKKLKKIANIINSIFKK,1
GFSSLFKAGAKYLLKSVGKAGAQQLACKAANNCA,0
GMWSKILKHLIR,1
GVVTDLLNTAGGLLGNLVGSLSG,0
GFCRCLCRRGVCRCICTR,1
GLFGILGSVAKHVLPHVVPVIAEHS,0
FKDLKKIANIINSIFKK,1
ACHAHCQSVGRRGGYCGNFRMTCYCY,0
AVLDILKDVGKGLLSHFMEKV,1
QESKKGILLKPKTCNTNADCAKFCKGPIQNCLYHTCACVPGNPHCC,0
NWYVKKCLNDVGICKKKCKPEELHVKNGRAMCGKQRDCCVPAD,0
GLVDVLGKVGGLIKKLLPG,0
KWKLFKKIPLKKF,1
GFFSTVKNLATNVAGTVIDTLKCKVTGGCRS,1
RVCMAIPLPLCH,0
FLPIIASVAAKVFSKIFCAISKKC,1
FAKKLKKLAKLAKKL,1
GIPCAESCVWIPCTVTALIGCGCSNKVCYN,1
GINSLSSEMHKKCYKNGICRLECYESEMLVAYCMFQLECCVKGNPAP,0
CANSCSYGPLTWSCDGNTK,1
FAKKLAKKLAKAL,1
FFRLLFHGVHHVGKIKPRA,1
ILSAIWSGIKGLL,0
VNWKKILPKIIKVVK,1
FISAIASFLGKFL,1
AKWVGDLTLCRWR,1
KWKLFKKIGIGKFKLAKKF,1
CSTNTFSLSDYWGNNGAWCTLTHECMAWCK,1
FLPLLLAGLPLKLCFLFKKC,1
FLGMIPKLIKKLIKAFK,1
GLMDTIKGVAKTVAASWLDKLKCKITGC,1
FAKLLAKLAKAKG,1
RKCLRWQWAMRKYGG,0
FVKLKKIANIINSIFKK,1
QLINSPVTCMSYGGSCQRSCNGGFRLGGHCGHPKIRCCRRK,0
KKINNPVSCLRKGGRCWNRCIGNTRQIGSCGVPFLKCCKRK,0
KSCCPNTTGRNIYNTCRFGGGSRQVCASLSGCKIISASTCPSDYPK,1
GLLSVLGSVAQHVLPHVVPVIAEHL,1
GLFDKLKSLVSDF,1
GLPGKKNVLKKSRESSGKPGGTNKKPF,0
AALRGCWTKSIPPKPCSGKR,0
KWKSFIKKLTSKFLHSADKF,0
PRFWEYWLRAME,1
DIQIPGIKKPTHRDIIIPNWNPNVRTQPWQRFGGNKS,1
FAKLLAKLAKAKA,1
FAKIIAKIAKKI,1
FLSLIPHAINAVSALVHHF,0
RCTCTTIISSSSTF,0
FLENQDCSKHRHCRMKCKANEYAVRYCEDWTICCRVKKKESKKKKMW,0
FLSSIGKILGNLL,1
ATPATPTVAQFVIQGSTICLVC,1
LDTIKCLQGNNNCHIQKCPWFLLQVSTCYKGKGRCCQKRRWFARSHVYHV,0
LRDLVCYCRTRGCKRRERMNGTCRKGHLIYTLCC,0
ALLDKLKSLGKVVGKVAIGVAQHYLNPQ,0
FLGLLFHGVHHVGKWIHGLIHGHH,1
KWKLFKKIPFLHLAKKF,1
RWKVFKKIEKVGRHIRDGVIKAGPAITVVGQATAL,0
GVLDILKGAAKDLAGH,0
PAWFKARRWAWRMKKLAA,1
KAAKKAWKAAKKAWKAAKKAA,1
GLLNTFKDWAISIAKGAGKGVLTTLSCKLDKSC,0
ACQFWSCNSSCISRGYRQGYCWGIQYKYCQCQ,0
FLSLIPHAINAISAIANHF,0
QTCASRCPRPCNAGLCCSIYGYCGSGAAYCGAGNCRCQCRG,0
GIFSKISGKAIKNLFIKGAENVGKHVGIDVVRTGIDVVGCKIKGEC,0
GLFAVIKKVAKVIKKL,1
GLFSKFAGKGIVNFLIEGVE,0
GILDTLKNLAKTAGKGALQGLVKMASCKLSGQC,0
GLFSILKGVGKIALKGLAKNMGKMGLDLVSCKISKEC,0
CVKCKCKCGSGVKVKVKVC,0
GIGGVLLSAGKAALKGLAKVLAEKYAN,1
FFGSVLKLIPKIL,1
FAKKLAKKLKKLAKKLAK,1
GGLKKFGKKLEGVGKRVFKASEKALPVVTGFKAL,0
ALLGDFFRKSKEKIGKEFKRIVQRIKDFLRNLVPRTES,1
LLGDFFRKAREKIGEEFKRIVQRIKDFLRNLVPRTES,0
FAKKLAKKLAKLAL,1
GMATKAGTALGKVAKAVIGAAL,0
CTFTLPGGGGVCTLTSECIC,1
NYQWVPYQGRVPYPRGGLLKLLKKLLKKLLKL,1
FALALKALKKL,1
FAKLLAKAFKKAL,1
INWKKIKSIIKAAMN,0
GIPCAESCVWIPCTVTALVGCSCSDKVCYN,1
GGLRSLGRKILRAWKKYGPIIVPIIRI,1
FAKLWAKLAFGKGIGKVGKKLL,1
VTCDILSVEAKGVKLNDAACAAHCLFRGRSGGYCNGKRVCVCR,0
RVKRVWPLVIRTVIAGYNLYRAIKKK,0
VAKLLAKALKKLL,1
SPIHACRYQRGVCIPGPCRWPYYRVGSCGSGLKSCCVRNRWA,0
VIVFVASVAAEMMQHVYCAASKKC,0
QLEARFEPKQRNFRKRELDFEKLFANMPDY,0
RCRFCCRCCPRMRGCGICCRF,0
GFMDTAKNVAKNVAATLLDKLKCKITGGC,0
FKTWKRPPFQTSCWGIIKE,0
CAAGTACTCAGTGTGGA,1
GIIKKIIIKKI,1
IVRRADRAAVP,1
FVKLKKILNIILSIFKK,1
GLLGPLLKIAAKVGSNLL,1
KRLRRVWRRWR,1
KRCHLTIDKATACSLSDCRLSCYSGYNGVGKCFDDPKVAGPSNCGCIYNC,0
AREASKSLIGTASCTCRRAWICRWGERHSGKCIDQKGSTYRLCCRR,1
MPKEKVFLKIEKMGRNIRN,1
GLPICGETCVGGTCNTPGCSCSWPVCTRN,1
GLPVCGETCVGGTCNTPGCSCSWPVCTRN,1
SWLSKTAKKLENSAKKRISEGIAIAIQGGPR,1
AKCIKNGKGCREDQGPPFCCSGFCYRQVGWARGYCKNR,1
CIPMAWAVSWPHP,1
GIACGESCVFLGCFIPGCSCKSKVCYFN,1
GFGCNGPWDEDDMQCHNHCKSIKGYKGGYCAKGGFVCKCY,1
TSYGNGVHCNKSKCWIDVSELETYKAGTVSNPKDILW,0
HEPCGESCVFIPCITTVVGCSCKNKVCYN,0
DKLIGSCVWGAVNYTSRCNAECKRRGYKGGHCGSFANVNCWCET,0
INLKAIAALAKKLLG,0
KWKLFKKIKFLHSAKKF,1
RWKLFKKIEKVGRNVRDGLIKAGPAIAVIGQAKSL,0
GPGKWLPWLQPAYDFVTGLAKGIGKEGNKNKWKNV,0
KISKRILTGKK,1
GFLSTVKNLATNVAGTVLDTIRCKVTGGCRP,0
AIKLVQSPNGNFAASFVLDGTKWIFKSKYYDSSKGYWVGIYEVWDRK,1
GLPTCGETCTLGTCYVPDCSCSWPICMKN,1
CKQSCSFGPFTFVCDGNTK,1
GLFSVVTGVLKAVGKNVAGSLLEQLKCKISGGC,0
FAKALKALLKALKAL,1
CGETCVGGTCNTPGCTCSWPVCTRNGLPV,1
DHYICAKKGGTCNFSPCPLFNRIEGTCYSGKAKCCIR,1
ESDTVTCRKMKGKCSFLLCPFFKRSSGTCYNGLAKCCRPFW,0
LPKWKVFKKIEKVGRNIRNGIVKAGPAIAVLGEAKALG,1
DCKHPVGPYTDSCFTDCVSGKYGYNYESAFCSRDETGTCKICCCELINE,0
GIGASILSAGKSALKGLAKGLAEHFAN,0
QRPYTQPLIYYPPPPTPPRIYRA,0
FLPAIFRMAAKVVPTIICSITKKC,1
RLSRIVVIRVCR,0
RIIDLLWRVRRPQKPKFVTVWVR,0
GLMDTVKNAAKNLAGQLLDTIKCKMTGC,0
GLVASIGRALGGLLADVVKSKEQPA,0
KAQIRAMECNILGRKKRRQRRR,1
KILRGVAKKIMRTFLRRISKDILTGKK,1
ALSKALSKALSKALSKALSKALSK,1
FLPIVAKLLSGLL,1
KYYGNGVSCNKKGCSVDWGKAIGIIGNNSAANLATGGAAGWSK,0
FALLKALKKAL,1
LRDLVCYCRKRGCKRREHMNGTCRKGHLMYTLCCR,0
CGESCVWIPCVTSIFNCKCKENKVCYHDKIP,1
WKLFKKIPKFLHLAKKF,1
FAKLFAKAFKKAL,1
KWKKFLKIGIGKFLHLAKKF,1
GLPVCGETCAGGTCNTPGCSCSWPICTRN,1
GLVTGLLKTAGKLLGDLFGSLTG,0
FLIIRRPIVLGLL,0
IDWKKVDWKKVSKKTCKVMLKACKFL,0
FLPIVTNLLSGLL,1
KLALKLALKALKAAKLA,1
KKCRERGGQCHSGVCSWNEKFIGFCSFARPCC,0
DDDQVEVQQEVKRGFLSTVKNLATNVAGTVIDTLKCKVTGGCRT,0
RTCASQSQRFKGKCVSDTNCENVCHNEGFPGGDCRGFRRRCFCTRNC,0
GKWMKLLKHILK,1
FLPLIGRVLSGIL,1
SLGSFLKGVGTTLASVGKVVSDQFGKLLQAGQ,0
IIGHLIKTALGFLGL,0
FFSMIPKIATGIASLVKNL,0
IIGPVLGLVGKPLESLLE,0
YAIDTILAEIKNINA,1
SFLTTVKKLVTNVAALAGTVIDTIKCKITGGCRT,0
GFMNTAKNVAKNVAVTLLDNLKCKITGGC,0
GIMDTVKNAAKDLAGQLLDKLKCRITGC,0
DDTPSSRCGSGGWGPCLPIVDLLCIVHVTVGCSGGFGCCRIG,1
GIIDIAKKLVGGIRNVLGI,0
ILGPVIGTIGNVLGGLLKNL,0
GCASRCKAKCAGRRCKGWASASFRGRCYCKCFRC,1
GLFVGVLAKVAAHVVPAIAEHF,1
KNLRRITRKIIHIIKKYG,0
LLGDFFRKSKEKIGKEFKRIVQRIKDFLRNLVPRTES,1
IAAHDTPGPVWLS,1
ILGPVLGLVSNALGGLLKNL,0
FNRGGYNFGKSVRHVVDAIGSVAGIRGILKSIR,0
GIINMLQKSYCKIRKGRCALLGCLPKEEQIGSCSVSGRKCCRKKK,0
RLCRIVVIRVCR,0
HTMYYHHYQHHL,1
RLKELITTGGQKIGEKIRRIGQRIKDFFKNLQPREEKS,0
FLPLLASLFSGLF,1
GFRDVLKGAAKQFVKTVAGHIANI,0
RWKIFKKIEKMGRNIRDGIVKAGPAIEVLGSAKAI,0
HICHDYLEGDHCDPKDCNLDCRDKWKGTGTCEPPTGTPLTRTCYCTYDC,0
FLPPSPWKETFRTS,1
APVPFSCTRGCLTHLV,0
FLPKLFAKITKKNMAHIR,0
VARGWKRKCPLFGKGG,0
FFPTIAGLTKLFCAITKKC,0
KAAKKAWKAAKKAAKWWKKAA,1
ILGPVLGLVSNALGGLIKKI,0
RLFDKIRQVIRKF,1
FFSLLPSLIGGLVSAIK,1
FKTWKRPPFQTSCSGIIKE,0
KLKNFAIGVAQSLLNKASCKLSGQC,1
PLLQATLGGGS,1
ACIKNGGRCVASGGPPYCCSNYCLQIAGQSYGVCKKH,1
GNRPVYIPPPRPPHPRL,0
INWSSIFEKVKNLV,0
GGLKKLGKKLEGAGKRVFKASEKALPVVVGIKAIGK,0
FFGHLFKLATKIIPSLFQ,1
GIGTKIIGGLKTAVKGALKELASTYVN,0
FALAKKALKKAKKAL,1
FLPVLAGIAAKVVPALFCKITKKC,1
KLLLKLLKKLLKLLKKK,1
RIKRFWPVVIRTVVAGYNLYRAI,0
GLWKSLLKNVGKAAGKAALNAVTDMVNQA,0
EGGGPQWAVGHFM,1
FIKELLPHLSGIIDSVANAIK,0
KWKSFKKKLTSKFLHSAKKF,0
ACYCRIPACFAGERRYGTCFYLGRVWAFCC,1
GLPVCGETCFGGTCNTPGCSCETWPVCSRN,1
GIGASILSAGKSALKGFAKGLAEHFAN,0
GLLGSLFGAGKKVACALSGLC,0
KWKLFKKIGIGAVLKVLTTG,1
GGLKKLGKKLEGAGKRVFNAAEKALPVVAGAKAL,0
TLYRRFLCKKMKGRCETACLSFEKKIGTCRADLTPLCCKEKKKH,0
DFKLFAVTIKYR,1
GICRCICTRGFCRCICVL,0
GLLDTFKNLALNAAKSAGVSVLNSLSCKLSKTC,0
GIFSKINKKKAKTGLFNIIKTVGKEAGMDVIRAGIDTISCKIKGEC,0
GVLDTFKDVAIGVAKGAGTGVLKALLCKLDKSC,0
FLPILAGLAAKIVPKLFCLATKKC,1
DTVACRIQGNFCRAGACPPTFTISGQCHGGLLNCCAKIPAQ,1
MRKWFHNVLSSGQLLADKWPAWDYNRK,1
FLPLIASLAANFVPKIFCKITKKC,0
AFKLLGRIIHHVGNFVYGFSHVF,1
INMKASAAVAKKLL,0
GILDFAKTVVGGIRNALGI,0
FAKIIAKIAKIAKKIL,1
LMMLILAMNRKDKKKEKK,1
SGFVLKGYTKTSQ,0
ESEFDRQEYEECKRQCMQLETSGQMRRCVSQCDKRFEEDIDWSKYDNQE,0
PRFWEYWLRLME,1
FLGALFKVASKVLPSVFCAITKKC,1
RRCICTTRTCRFPYRRLGTCIFQNRVYTFCC,0
AILTTLANWARKFL,0
ESGINLQGDATLANN,0
FAKLLFKALKKAL,1
GLAGAISSALDKLKQSQLIKNYAKKLGYPR,0
GCSRWIIGIHGQICRD,1
FAKLLAKALKKL,1
GLPVCGETCFGGTCNTPGCSCDPWPMCSRN,1
GWLRKLGKKIERIGQHTRDASIQVLGIAQQAANVAATAR,0
LLRHVVKILSKYL,1
RECRSESKKFVGLCVSDTNCASVCLTERFPGGKCDGYRRCFCTKDC,0
SFLTSFKDMAIKVAKDAGVNILNTISCKIFKTC,0
KWKLFKKIPLHLAKKF,1
WFKKIPKFLHLAKKF,1
QLKSTCRIAEAWKGAKECNAKCAALGTTRGGVCQKFLGDLYCCCWD,0
AKIPIKAIKTVGKAVGKGLRAINIASTANDVFNFLKPKKRKA,1
ALWKTLLKKVGKVAGKAVLNAVTNMANQNEQ,0
ACDTATCVTHRLAGLLSRSGGVVKNNFVPTNVGSKAF,1
SIVPIRCRSNRDCRRFCGFRGGRCTYARQCLCGY,0
QRFSQPTFKLPQGRLTLSRKF,0
SIGAKILGGVKTFFKGALKELASTYLQ,1
GLFDIAKKVIGVIGSL,1
GIPCGESCVFIPCLTSAIDCSCKSKVCYRN,1
EFTNVSCTTSKECWSVCQRLHNTSRGKCMNKKCRCYS,1
FAKLLAKALKKAL,1
GFMDTAKNVAKNVAVTLIDNLKCKITKAC,1
FVPYNPPRPYQSKPFPSFPGHGPFNPKIQWPYPLPNPGH,1
RKFHEKHHSHRGYRSNYLYDN,0
GTQRCWNLYGKCRHRCSKKERVYVYCVNNKMCCVKPKYQPKERWWRF,0
KWKSFIKKLTSKFLHLAKKF,0
APGNKAECEREKGYCGFLKCSFPFVVSGKCSRFFFCCKNIW,1
